<?xml version="1.0" encoding="UTF-8"?>
<project-private xmlns="http://www.netbeans.org/ns/project-private/1">
    <editor-bookmarks xmlns="http://www.netbeans.org/ns/editor-bookmarks/2" lastBookmarkId="0"/>
    <open-files xmlns="http://www.netbeans.org/ns/projectui-open-files/2">
        <group>
            <file>file:/E:/Grade%2012%20Java%20programs%20------------------------------------------------------------------------------------------------------/rltictac/src/Resource/mark-x.png</file>
            <file>file:/E:/Grade%2012%20Java%20programs%20------------------------------------------------------------------------------------------------------/rltictac/src/Resource/exit.PNG</file>
            <file>file:/E:/Grade%2012%20Java%20programs%20------------------------------------------------------------------------------------------------------/rltictac/src/StartingScreen.java</file>
            <file>file:/E:/Grade%2012%20Java%20programs%20------------------------------------------------------------------------------------------------------/rltictac/src/TicTacToeMain.java</file>
            <file>file:/E:/Grade%2012%20Java%20programs%20------------------------------------------------------------------------------------------------------/rltictac/src/Resource/Cyan_full.png</file>
            <file>file:/E:/Grade%2012%20Java%20programs%20------------------------------------------------------------------------------------------------------/rltictac/src/Resource/exitButton.PNG</file>
            <file>file:/E:/Grade%2012%20Java%20programs%20------------------------------------------------------------------------------------------------------/rltictac/src/Resource/tictac.png</file>
            <file>file:/E:/Grade%2012%20Java%20programs%20------------------------------------------------------------------------------------------------------/rltictac/src/Resource/startbutton.PNG</file>
            <file>file:/E:/Grade%2012%20Java%20programs%20------------------------------------------------------------------------------------------------------/rltictac/src/Resource/playbutton.png</file>
            <file>file:/E:/Grade%2012%20Java%20programs%20------------------------------------------------------------------------------------------------------/rltictac/src/Resource/pure-white-background-85a2a7fd.jpg</file>
            <file>file:/E:/Grade%2012%20Java%20programs%20------------------------------------------------------------------------------------------------------/rltictac/src/Resource/circle.png</file>
            <file>file:/E:/Grade%2012%20Java%20programs%20------------------------------------------------------------------------------------------------------/rltictac/src/Resource/options.PNG</file>
            <file>file:/E:/Grade%2012%20Java%20programs%20------------------------------------------------------------------------------------------------------/rltictac/src/Resource/back.PNG</file>
        </group>
    </open-files>
</project-private>
